chr1	1351417	1355415	MSTRG.1142.1	1000	+
chr1	5115569	5115830	MSTRG.1199.1	1000	+
chr1	8894194	8894413	MSTRG.1250.1	1000	+
chr1	9148322	9149144	MSTRG.1251.1	1000	-
chr1	10356873	10398916	MSTRG.1279.1	1000	-
chr1	10358878	10399277	MSTRG.1279.2	1000	-
chr1	10400416	10418886	MSTRG.1281.1	1000	-
chr1	15788362	15800467	MSTRG.1345.1	1000	-
chr1	15788362	15800350	MSTRG.1345.2	1000	-
chr1	15788917	15800350	MSTRG.1345.3	1000	-
chr1	15791947	15800300	MSTRG.1345.4	1000	-
chr1	16228571	16231321	MSTRG.1360.1	1000	-
chr1	16685581	16686019	MSTRG.1384.1	1000	+
chr1	16872249	16873450	MSTRG.1395.1	1000	-
chr1	19264449	19264721	MSTRG.1419.1	1000	+
chr1	19293895	19299168	MSTRG.1421.1	1000	-
chr1	20486354	20487102	MSTRG.1433.1	1000	-
chr1	23310084	23318664	MSTRG.1481.1	1000	+
chr1	23692622	23696398	MSTRG.1488.1	1000	-
chr1	23971237	23972011	MSTRG.1498.1	1000	+
chr1	24842966	24843290	MSTRG.1515.1	1000	-
chr1	28540842	28541386	MSTRG.1605.1	1000	+
chr1	28543264	28544314	MSTRG.1606.1	1000	+
chr1	29148679	29149038	MSTRG.1624.1	1000	+
chr1	31725211	31725429	MSTRG.1646.1	1000	-
chr1	32197047	32197393	MSTRG.1660.1	1000	-
chr1	35184218	35188084	MSTRG.1713.1	1000	+
chr1	35748531	35751382	MSTRG.1726.1	1000	+
chr1	41433180	41464875	MSTRG.1822.1	1000	+
chr1	44816826	44819552	MSTRG.1895.1	1000	+
chr1	45602264	45607883	MSTRG.1912.1	1000	-
chr1	65643599	65645346	MSTRG.2119.1	1000	-
chr1	68389005	68389281	MSTRG.2141.1	1000	+
chr1	70239450	70250899	MSTRG.2155.1	1000	-
chr1	70249978	70250889	MSTRG.2155.2	1000	-
chr1	70592133	70592362	MSTRG.2163.1	1000	+
chr1	74706368	74710148	MSTRG.2172.1	1000	+
chr1	75742960	75743239	MSTRG.2175.1	1000	-
chr1	85706139	85708130	MSTRG.2232.1	1000	+
chr1	89128385	89179784	MSTRG.2254.1	1000	+
chr1	89821397	89821893	MSTRG.2262.1	1000	-
chr1	93680519	93681195	MSTRG.2301.1	1000	+
chr1	93875737	93876754	MSTRG.2306.1	1000	+
chr1	93887811	93888148	MSTRG.2308.1	1000	+
chr1	94070129	94086202	MSTRG.2310.1	1000	+
chr1	96679297	96679611	MSTRG.2332.1	1000	+
chr1	108698750	108700131	MSTRG.2384.1	1000	-
chr1	111762942	111766054	MSTRG.2447.1	1000	-
chr1	113509378	113509992	MSTRG.2464.1	1000	-
chr1	114112045	114122030	MSTRG.2479.1	1000	+
chr1	117776739	117777876	MSTRG.2505.1	1000	-
chr1	119912277	119912532	MSTRG.2520.1	1000	+
chr1	145413256	145425611	MSTRG.2556.1	1000	-
chr1	146285678	146321582	MSTRG.2579.1	1000	-
chr1	146285680	146321583	MSTRG.2579.2	1000	-
chr1	149358052	149358434	MSTRG.2648.1	1000	+
chr1	149830775	149832525	MSTRG.2658.1	1000	-
chr1	150046095	150046611	MSTRG.2675.1	1000	-
chr1	150067313	150067751	MSTRG.2678.1	1000	-
chr1	150220363	150236261	MSTRG.2681.1	1000	+
chr1	150622149	150622556	MSTRG.2698.1	1000	+
chr1	150629546	150635762	MSTRG.2699.1	1000	+
chr1	151195954	151196187	MSTRG.2724.1	1000	-
chr1	151254759	151265179	MSTRG.2727.1	1000	-
chr1	153963654	153965697	MSTRG.2780.1	1000	+
chr1	156317464	156320882	MSTRG.2876.1	1000	+
chr1	161748668	161750288	MSTRG.2942.1	1000	-
chr1	163345689	163349057	MSTRG.2955.1	1000	-
chr1	165662779	165668997	MSTRG.2974.1	1000	+
chr1	168201020	168201351	MSTRG.2999.1	1000	-
chr1	174841886	174846541	MSTRG.3056.1	1000	-
chr1	175006744	175010310	MSTRG.3063.1	1000	-
chr1	183144222	183144545	MSTRG.3126.1	1000	-
chr1	186322577	186332307	MSTRG.3157.1	1000	+
chr1	186420688	186420997	MSTRG.3161.1	1000	-
chr1	200462684	200483627	MSTRG.3200.6	1000	-
chr1	200738888	200739556	MSTRG.3205.1	1000	+
chr1	205713786	205714324	MSTRG.3294.1	1000	+
chr1	205716184	205716456	MSTRG.3295.1	1000	+
chr1	205718334	205729610	MSTRG.3296.1	1000	+
chr1	205957922	205958395	MSTRG.3303.1	1000	+
chr1	211578830	211579266	MSTRG.3353.1	1000	-
chr1	215620242	215620624	MSTRG.3398.1	1000	-
chr1	219608513	219609018	MSTRG.3411.1	1000	-
chr1	227781911	227783479	MSTRG.3493.1	1000	+
chr1	227783850	227784395	MSTRG.3494.1	1000	+
chr1	228103390	228104709	MSTRG.3497.1	1000	+
chr1	228182733	228184422	MSTRG.3501.1	1000	+
chr1	228182766	228184411	MSTRG.3501.2	1000	+
chr1	228646626	228649967	MSTRG.3510.1	1000	+
chr1	234374289	234383973	MSTRG.3564.1	1000	-
chr1	234610272	234610990	MSTRG.3568.1	1000	-
chr1	235111725	235112072	MSTRG.3570.1	1000	+
chr1	235194036	235220386	MSTRG.3574.1	1000	+
chr1	235221650	235229282	MSTRG.3575.1	1000	+
chr1	241903379	241903584	MSTRG.3611.1	1000	+
chr1	244845905	244846243	MSTRG.3639.1	1000	+
chr1	244854246	244855952	MSTRG.3640.1	1000	+
chr1	244856752	244862726	MSTRG.3641.1	1000	+
chr1	244863738	244864055	MSTRG.3642.1	1000	+
chr1	247331801	247335293	MSTRG.3679.1	1000	+
chr10	1050255	1056675	MSTRG.3706.1	1000	-
chr10	1050292	1056722	MSTRG.3706.2	1000	-
chr10	3778650	3778995	MSTRG.3711.1	1000	+
chr10	28620467	28620898	MSTRG.3899.1	1000	-
chr10	29698233	29698539	MSTRG.3908.1	1000	+
chr10	32901331	32936020	MSTRG.3933.1	1000	+
chr10	38403183	38408936	MSTRG.3977.1	1000	+
chr10	38403193	38408936	MSTRG.3977.2	1000	+
chr10	38406074	38408936	MSTRG.3977.3	1000	+
chr10	43184602	43184843	MSTRG.3989.1	1000	-
chr10	46285103	46285986	MSTRG.4024.1	1000	+
chr10	46465990	46470541	MSTRG.4026.9	1000	-
chr10	46521442	46541504	MSTRG.4029.1	1000	-
chr10	46541648	46542841	MSTRG.4030.1	1000	+
chr10	46557080	46557441	MSTRG.4032.1	1000	-
chr10	46576588	46578788	MSTRG.4033.1	1000	-
chr10	47496502	47501537	MSTRG.4044.1	1000	-
chr10	47743704	47762625	MSTRG.4050.1	1000	+
chr10	47762987	47765215	MSTRG.4052.1	1000	+
chr10	47923795	47928206	MSTRG.4055.1	1000	+
chr10	48006399	48009141	MSTRG.4057.1	1000	-
chr10	48032109	48033907	MSTRG.4059.1	1000	-
chr10	48045581	48046462	MSTRG.4061.1	1000	-
chr10	50266899	50267302	MSTRG.4079.1	1000	+
chr10	50655849	50656621	MSTRG.4088.1	1000	-
chr10	50657147	50660401	MSTRG.4090.1	1000	-
chr10	56353104	56355642	MSTRG.4107.1	1000	-
chr10	67765102	67765366	MSTRG.4139.1	1000	+
chr10	68756474	68788210	MSTRG.4163.1	1000	-
chr10	68978928	68983011	MSTRG.4169.1	1000	-
chr10	69369495	69379975	MSTRG.4183.1	1000	-
chr10	70146394	70146632	MSTRG.4190.1	1000	+
chr10	71888619	71889129	MSTRG.4208.1	1000	-
chr10	72301616	72302026	MSTRG.4217.1	1000	+
chr10	73673722	73673972	MSTRG.4260.1	1000	-
chr10	73780650	73782010	MSTRG.4270.1	1000	-
chr10	74090050	74094400	MSTRG.4281.1	1000	-
chr10	92450169	92451480	MSTRG.4443.1	1000	-
chr10	92684201	92689739	MSTRG.4448.1	1000	-
chr10	96520444	96520742	MSTRG.4484.1	1000	+
chr10	100363709	100363973	MSTRG.4543.1	1000	-
chr10	100729170	100732142	MSTRG.4547.1	1000	+
chr10	101067174	101068005	MSTRG.4559.1	1000	-
chr10	101807824	101817835	MSTRG.4571.1	1000	+
chr10	102161040	102162220	MSTRG.4580.1	1000	-
chr10	103192645	103192963	MSTRG.4609.1	1000	+
chr10	114786641	114788322	MSTRG.4678.1	1000	+
chr10	114818691	114821563	MSTRG.4679.1	1000	-
chr10	114822402	114822998	MSTRG.4681.1	1000	-
chr10	119035788	119058164	MSTRG.4704.1	1000	+
chr10	125231783	125270472	MSTRG.4762.1	1000	+
chr10	125518869	125519124	MSTRG.4763.1	1000	-
chr10	133622567	133623332	MSTRG.4818.1	1000	+
chr11	392764	393067	MSTRG.4842.1	1000	-
chr11	8714831	8719488	MSTRG.5010.1	1000	+
chr11	8978848	8979435	MSTRG.5020.1	1000	+
chr11	9438245	9445327	MSTRG.5029.1	1000	-
chr11	10750826	10751184	MSTRG.5052.1	1000	-
chr11	12937745	12937956	MSTRG.5077.1	1000	-
chr11	14276006	14276584	MSTRG.5089.1	1000	-
chr11	16744628	16755365	MSTRG.5103.1	1000	-
chr11	16756909	16759337	MSTRG.5104.1	1000	+
chr11	23185466	23185779	MSTRG.5165.1	1000	-
chr11	35617944	35618293	MSTRG.5237.1	1000	+
chr11	35663342	35725933	MSTRG.5240.1	1000	-
chr11	43858657	43867284	MSTRG.5271.1	1000	+
chr11	44247451	44252105	MSTRG.5279.1	1000	+
chr11	44301321	44305217	MSTRG.5281.1	1000	+
chr11	46601093	46602830	MSTRG.5308.1	1000	-
chr11	57086292	57087490	MSTRG.5354.1	1000	-
chr11	57328351	57330928	MSTRG.5358.1	1000	+
chr11	59658913	59666916	MSTRG.5385.1	1000	+
chr11	61794168	61799089	MSTRG.5419.1	1000	-
chr11	62574140	62579052	MSTRG.5438.1	1000	+
chr11	64184737	64185668	MSTRG.5489.1	1000	-
chr11	64195717	64203162	MSTRG.5491.1	1000	-
chr11	64768201	64769558	MSTRG.5513.1	1000	+
chr11	65424539	65426394	MSTRG.5547.1	1000	-
chr11	65499614	65500027	MSTRG.5551.1	1000	-
chr11	65662997	65671776	MSTRG.5564.1	1000	+
chr11	65889839	65890989	MSTRG.5574.1	1000	-
chr11	66892393	66893570	MSTRG.5623.1	1000	+
chr11	66967334	66970151	MSTRG.5626.1	1000	+
chr11	67072290	67072652	MSTRG.5630.1	1000	+
chr11	67758076	67760042	MSTRG.5657.1	1000	+
chr11	72290976	72291347	MSTRG.5732.1	1000	-
chr11	76352740	76365959	MSTRG.5828.1	1000	+
chr11	86286229	86286757	MSTRG.5921.1	1000	+
chr11	86717863	86735799	MSTRG.5926.19	1000	-
chr11	90194168	90200181	MSTRG.5948.1	1000	-
chr11	90201520	90201933	MSTRG.5950.1	1000	+
chr11	101695109	101704382	MSTRG.6003.1	1000	+
chr11	102110990	102111461	MSTRG.6010.1	1000	-
chr11	102398245	102401624	MSTRG.6015.1	1000	+
chr11	108008703	108009304	MSTRG.6044.1	1000	-
chr11	110230192	110230625	MSTRG.6060.1	1000	+
chr11	118991017	118991972	MSTRG.6174.1	1000	-
chr11	123057732	123059171	MSTRG.6231.1	1000	+
chr12	42565	43286	MSTRG.6316.1	1000	+
chr12	1787480	1787904	MSTRG.6339.1	1000	-
chr12	1788986	1789301	MSTRG.6340.1	1000	-
chr12	2957643	2960071	MSTRG.6362.1	1000	-
chr12	4354782	4360031	MSTRG.6371.1	1000	+
chr12	6319565	6324248	MSTRG.6385.1	1000	-
chr12	6320361	6324218	MSTRG.6385.2	1000	-
chr12	6333762	6334226	MSTRG.6387.1	1000	+
chr12	7963219	7970801	MSTRG.6445.1	1000	-
chr12	8943816	8946302	MSTRG.6460.1	1000	+
chr12	12409208	12415529	MSTRG.6516.1	1000	-
chr12	12409378	12415529	MSTRG.6516.2	1000	-
chr12	16364124	16364385	MSTRG.6564.1	1000	-
chr12	19359420	19366043	MSTRG.6577.1	1000	-
chr12	20775861	20822463	MSTRG.6590.1	1000	-
chr12	21635422	21654593	MSTRG.6600.1	1000	+
chr12	25804736	25805010	MSTRG.6626.1	1000	+
chr12	31105181	31105615	MSTRG.6687.1	1000	+
chr12	31614177	31615050	MSTRG.6701.1	1000	-
chr12	34032440	34035442	MSTRG.6729.1	1000	+
chr12	40922273	40929962	MSTRG.6746.1	1000	-
chr12	45216357	45347078	MSTRG.6774.1	1000	-
chr12	45926369	45926943	MSTRG.6781.1	1000	+
chr12	46183250	46183522	MSTRG.6783.1	1000	+
chr12	46184145	46184552	MSTRG.6784.1	1000	+
chr12	47038642	47042277	MSTRG.6795.1	1000	+
chr12	47262030	47262444	MSTRG.6803.1	1000	+
chr12	49060229	49060825	MSTRG.6859.1	1000	-
chr12	49351935	49352254	MSTRG.6872.1	1000	-
chr12	52235241	52243282	MSTRG.6948.1	1000	-
chr12	52898741	52901980	MSTRG.6956.1	1000	+
chr12	54241676	54259520	MSTRG.7009.1	1000	+
chr12	54281430	54285295	MSTRG.7014.1	1000	-
chr12	55409784	55411351	MSTRG.7027.1	1000	-
chr12	55409868	55410808	MSTRG.7028.1	1000	+
chr12	56257590	56257941	MSTRG.7067.1	1000	+
chr12	56664289	56673034	MSTRG.7087.1	1000	+
chr12	57457542	57462803	MSTRG.7105.1	1000	-
chr12	57459802	57460079	MSTRG.7106.1	1000	+
chr12	58330220	58337044	MSTRG.7140.1	1000	-
chr12	64695554	64695769	MSTRG.7196.1	1000	-
chr12	66003389	66003717	MSTRG.7214.1	1000	-
chr12	67299078	67302541	MSTRG.7222.1	1000	-
chr12	67771462	67771802	MSTRG.7225.1	1000	-
chr12	68824414	68828913	MSTRG.7238.1	1000	-
chr12	76046553	76046993	MSTRG.7284.1	1000	+
chr12	89524880	89525408	MSTRG.7334.1	1000	+
chr12	89621713	89635231	MSTRG.7340.1	1000	+
chr12	93401444	93401729	MSTRG.7361.1	1000	-
chr12	93639891	93640227	MSTRG.7366.1	1000	-
chr12	94971401	95002790	MSTRG.7382.1	1000	+
chr12	95300615	95301129	MSTRG.7391.1	1000	-
chr12	95861236	95866087	MSTRG.7399.1	1000	-
chr12	103930420	103942212	MSTRG.7465.1	1000	-
chr12	103943144	103947870	MSTRG.7466.1	1000	-
chr12	104031621	104032129	MSTRG.7472.1	1000	+
chr12	104119405	104119717	MSTRG.7475.1	1000	+
chr12	104286694	104348776	MSTRG.7480.1	1000	-
chr12	104348803	104350276	MSTRG.7482.1	1000	-
chr12	105330900	105371102	MSTRG.7499.1	1000	-
chr12	106139624	106143310	MSTRG.7502.1	1000	+
chr12	108645257	108645801	MSTRG.7530.1	1000	+
chr12	110334021	110339391	MSTRG.7564.1	1000	-
chr12	116585704	116585953	MSTRG.7648.1	1000	-
chr12	116816576	116819415	MSTRG.7654.1	1000	-
chr12	121839715	121848231	MSTRG.7733.1	1000	+
chr12	122765350	122769144	MSTRG.7759.1	1000	-
chr12	123586753	123596917	MSTRG.7786.1	1000	-
chr12	127129984	127146065	MSTRG.7825.1	1000	+
chr12	130872805	130875920	MSTRG.7834.1	1000	-
chr12	131231983	131234970	MSTRG.7845.1	1000	-
chr12	132387971	132391953	MSTRG.7864.1	1000	-
chr12	132392562	132393551	MSTRG.7865.1	1000	-
chr13	26214695	26215029	MSTRG.7954.1	1000	+
chr13	28693628	28707391	MSTRG.7974.1	1000	+
chr13	30461054	30461496	MSTRG.7983.1	1000	+
chr13	33679508	33687145	MSTRG.8006.1	1000	+
chr13	38361719	38362280	MSTRG.8025.1	1000	-
chr13	41384449	41384701	MSTRG.8049.1	1000	-
chr13	45969868	45985438	MSTRG.8103.1	1000	+
chr13	56064900	56065127	MSTRG.8188.1	1000	+
chr13	67101010	67157324	MSTRG.8202.1	1000	+
chr13	76592360	76592726	MSTRG.8217.1	1000	-
chr13	99494649	99496813	MSTRG.8301.1	1000	-
chr13	103464537	103515897	MSTRG.8330.1	1000	+
chr13	106544064	106559583	MSTRG.8334.1	1000	+
chr13	109424125	109424380	MSTRG.8343.1	1000	-
chr13	113499989	113503569	MSTRG.8393.1	1000	-
chr14	20478056	20481944	MSTRG.8428.1	1000	+
chr14	21210951	21212987	MSTRG.8446.1	1000	+
chr14	21352391	21354453	MSTRG.8449.1	1000	+
chr14	23059162	23059466	MSTRG.8484.1	1000	+
chr14	23062244	23063561	MSTRG.8485.1	1000	+
chr14	23080172	23080701	MSTRG.8486.1	1000	+
chr14	24007018	24025375	MSTRG.8503.1	1000	+
chr14	24007019	24008257	MSTRG.8503.2	1000	+
chr14	24183107	24183859	MSTRG.8515.1	1000	+
chr14	24271212	24298845	MSTRG.8522.1	1000	+
chr14	24271214	24298845	MSTRG.8522.2	1000	+
chr14	24271214	24298845	MSTRG.8522.3	1000	+
chr14	24442982	24446025	MSTRG.8529.1	1000	+
chr14	24474186	24477418	MSTRG.8530.1	1000	+
chr14	25266308	25266655	MSTRG.8533.1	1000	-
chr14	30892812	30893125	MSTRG.8555.1	1000	-
chr14	32268402	32269961	MSTRG.8577.1	1000	-
chr14	32271361	32271790	MSTRG.8578.1	1000	-
chr14	34761990	34765066	MSTRG.8592.1	1000	+
chr14	35079015	35081217	MSTRG.8601.1	1000	-
chr14	39180625	39181995	MSTRG.8653.1	1000	-
chr14	39216644	39216860	MSTRG.8655.1	1000	+
chr14	46727321	46734401	MSTRG.8670.1	1000	-
chr14	55636475	55637800	MSTRG.8791.1	1000	-
chr14	59388583	59388800	MSTRG.8828.1	1000	-
chr14	60398748	60399425	MSTRG.8838.1	1000	+
chr14	67360343	67376563	MSTRG.8910.1	1000	-
chr14	68788301	68788726	MSTRG.8937.1	1000	+
chr14	69768203	69771524	MSTRG.8952.1	1000	-
chr14	73083514	73111684	MSTRG.8974.1	1000	-
chr14	73566531	73569552	MSTRG.8990.1	1000	-
chr14	73884628	73885111	MSTRG.9001.1	1000	-
chr14	74798962	74802582	MSTRG.9025.1	1000	-
chr14	76897466	76898070	MSTRG.9059.1	1000	-
chr14	76927990	76948759	MSTRG.9060.1	1000	-
chr14	81475163	81475448	MSTRG.9108.1	1000	+
chr14	90259173	90264285	MSTRG.9141.1	1000	-
chr14	98987420	98987635	MSTRG.9207.1	1000	+
chr14	101462888	101477187	MSTRG.9261.1	1000	-
chr14	101462888	101477117	MSTRG.9261.2	1000	-
chr14	101463101	101477187	MSTRG.9261.3	1000	-
chr14	102081256	102086319	MSTRG.9276.1	1000	+
chr14	102081264	102085780	MSTRG.9276.2	1000	+
chr14	103057939	103059524	MSTRG.9293.1	1000	+
chr14	103061656	103073301	MSTRG.9294.1	1000	-
chr14	103061658	103073243	MSTRG.9294.2	1000	-
chr14	103338755	103339666	MSTRG.9302.1	1000	-
chr14	104688316	104689401	MSTRG.9329.4	1000	+
chr14	104953393	104953862	MSTRG.9339.1	1000	+
chr14	105081790	105082845	MSTRG.9342.1	1000	-
chr14	105084105	105086300	MSTRG.9343.1	1000	-
chr14	106845661	106872739	MSTRG.9358.1	1000	+
chr15	21595605	21617171	MSTRG.9367.1	1000	+
chr15	21642385	21645278	MSTRG.9369.1	1000	+
chr15	22479275	22480053	MSTRG.9385.1	1000	-
chr15	22785829	22786089	MSTRG.9391.1	1000	-
chr15	29731306	29731526	MSTRG.9509.1	1000	+
chr15	34496079	34496285	MSTRG.9566.1	1000	+
chr15	39591572	39592795	MSTRG.9609.1	1000	-
chr15	40394830	40397378	MSTRG.9631.1	1000	+
chr15	41307549	41308143	MSTRG.9664.1	1000	-
chr15	49804599	49804870	MSTRG.9823.1	1000	-
chr15	53516210	53516562	MSTRG.9887.1	1000	+
chr15	58546484	58547485	MSTRG.9946.1	1000	-
chr15	59611275	59611777	MSTRG.9981.1	1000	-
chr15	60349124	60361006	MSTRG.9989.1	1000	+
chr15	60365901	60366795	MSTRG.9990.1	1000	+
chr15	63325208	63325762	MSTRG.10023.1	1000	+
chr15	64954382	64956252	MSTRG.10058.1	1000	-
chr15	68207748	68208069	MSTRG.10118.1	1000	+
chr15	68779914	68784433	MSTRG.10126.1	1000	+
chr15	72202530	72231181	MSTRG.10178.1	1000	+
chr15	77045966	77046601	MSTRG.10270.1	1000	+
chr15	78755157	78756148	MSTRG.10305.1	1000	+
chr15	78872954	78897068	MSTRG.10309.1	1000	-
chr15	84637748	84638698	MSTRG.10392.1	1000	-
chr15	89639555	89640136	MSTRG.10445.1	1000	+
chr15	90500427	90500842	MSTRG.10477.1	1000	-
chr15	93002276	93009243	MSTRG.10523.1	1000	-
chr15	98839514	98843934	MSTRG.10539.1	1000	-
chr15	101489849	101493922	MSTRG.10576.1	1000	+
chr16	10110	10435	MSTRG.10585.1	1000	-
chr16	587767	588992	MSTRG.10615.1	1000	-
chr16	727220	728069	MSTRG.10637.1	1000	-
chr16	1936161	1936746	MSTRG.10697.1	1000	-
chr16	2682063	2682392	MSTRG.10774.1	1000	-
chr16	5094859	5095153	MSTRG.10869.1	1000	+
chr16	21226275	21233634	MSTRG.11066.1	1000	-
chr16	22196625	22196866	MSTRG.11093.1	1000	-
chr16	23680948	23683999	MSTRG.11124.1	1000	-
chr16	30634501	30635753	MSTRG.11272.1	1000	+
chr16	31185019	31190976	MSTRG.11305.1	1000	-
chr16	31454519	31456347	MSTRG.11309.1	1000	-
chr16	35802421	35802741	MSTRG.11332.1	1000	-
chr16	46578272	46580328	MSTRG.11334.1	1000	-
chr16	55719786	55720456	MSTRG.11422.1	1000	-
chr16	56740370	56741012	MSTRG.11451.1	1000	-
chr16	57167114	57173851	MSTRG.11458.1	1000	+
chr16	57167121	57173848	MSTRG.11458.2	1000	+
chr16	57564400	57607050	MSTRG.11470.1	1000	-
chr16	57564400	57607050	MSTRG.11470.2	1000	-
chr16	57565321	57607046	MSTRG.11470.3	1000	-
chr16	69463337	69463710	MSTRG.11641.1	1000	-
chr16	70277123	70289455	MSTRG.11663.1	1000	+
chr16	70619702	70624442	MSTRG.11674.1	1000	-
chr16	74469036	74474596	MSTRG.11747.1	1000	+
chr16	75305128	75433485	MSTRG.11759.1	1000	+
chr16	87832058	87832401	MSTRG.11887.1	1000	+
chr16	88568082	88568404	MSTRG.11895.1	1000	-
chr16	89283127	89283531	MSTRG.11922.1	1000	+
chr17	714895	718122	MSTRG.11969.1	1000	+
chr17	1361106	1365054	MSTRG.11989.1	1000	+
chr17	1771360	1779154	MSTRG.12003.2	1000	-
chr17	2330955	2333706	MSTRG.12025.1	1000	+
chr17	4671722	4672371	MSTRG.12072.1	1000	+
chr17	4786762	4789895	MSTRG.12083.1	1000	-
chr17	4925986	4932537	MSTRG.12093.1	1000	-
chr17	4926498	4933859	MSTRG.12093.2	1000	-
chr17	4950087	4950493	MSTRG.12099.1	1000	-
chr17	7040426	7040942	MSTRG.12144.1	1000	+
chr17	7314117	7314595	MSTRG.12157.1	1000	+
chr17	7884057	7884647	MSTRG.12188.1	1000	+
chr17	8224384	8224601	MSTRG.12199.1	1000	+
chr17	8366842	8367379	MSTRG.12205.1	1000	-
chr17	16745150	16745526	MSTRG.12306.1	1000	-
chr17	17028305	17035966	MSTRG.12311.1	1000	+
chr17	17260301	17264924	MSTRG.12323.1	1000	+
chr17	17443456	17446130	MSTRG.12326.1	1000	-
chr17	19070558	19070838	MSTRG.12376.1	1000	+
chr17	19196609	19196916	MSTRG.12387.1	1000	+
chr17	28343646	28345273	MSTRG.12477.1	1000	-
chr17	28673499	28676389	MSTRG.12502.1	1000	-
chr17	29202110	29203002	MSTRG.12533.1	1000	-
chr17	29550126	29550346	MSTRG.12542.1	1000	-
chr17	30523785	30524026	MSTRG.12581.1	1000	-
chr17	31034270	31034655	MSTRG.12607.1	1000	-
chr17	31034280	31034655	MSTRG.12607.2	1000	-
chr17	31035979	31036804	MSTRG.12608.1	1000	-
chr17	35725405	35725992	MSTRG.12677.1	1000	-
chr17	39407266	39407521	MSTRG.12774.1	1000	+
chr17	40121913	40122241	MSTRG.12796.1	1000	+
chr17	40285279	40285586	MSTRG.12803.1	1000	+
chr17	40392089	40400036	MSTRG.12813.1	1000	+
chr17	40457154	40457707	MSTRG.12816.1	1000	-
chr17	40551361	40559761	MSTRG.12819.1	1000	+
chr17	42577436	42578354	MSTRG.12867.1	1000	+
chr17	43241712	43258364	MSTRG.12907.1	1000	+
chr17	44324973	44327537	MSTRG.12943.1	1000	+
chr17	48062437	48063223	MSTRG.13046.1	1000	+
chr17	48071444	48076977	MSTRG.13049.1	1000	+
chr17	48642675	48676833	MSTRG.13060.4	1000	+
chr17	48944874	48945667	MSTRG.13078.1	1000	+
chr17	49423341	49424020	MSTRG.13096.1	1000	-
chr17	50055232	50055922	MSTRG.13108.1	1000	+
chr17	50151046	50151858	MSTRG.13117.1	1000	-
chr17	50151046	50151770	MSTRG.13117.2	1000	-
chr17	50699532	50707636	MSTRG.13145.1	1000	+
chr17	50743720	50752380	MSTRG.13147.1	1000	-
chr17	50743742	50751329	MSTRG.13147.2	1000	-
chr17	50999690	51014256	MSTRG.13152.1	1000	+
chr17	58003776	58005122	MSTRG.13198.1	1000	+
chr17	59841478	59841741	MSTRG.13241.1	1000	-
chr17	60101836	60102868	MSTRG.13257.1	1000	-
chr17	62065418	62065989	MSTRG.13298.1	1000	-
chr17	62431977	62478382	MSTRG.13301.1	1000	-
chr17	62473033	62478180	MSTRG.13301.2	1000	-
chr17	62553732	62573307	MSTRG.13305.1	1000	-
chr17	63457250	63457543	MSTRG.13325.1	1000	+
chr17	63756248	63773545	MSTRG.13334.1	1000	+
chr17	64503845	64504823	MSTRG.13346.1	1000	+
chr17	64534724	64537666	MSTRG.13348.1	1000	-
chr17	68524912	68530486	MSTRG.13402.1	1000	-
chr17	75208576	75212053	MSTRG.13471.1	1000	-
chr17	78224077	78224374	MSTRG.13569.1	1000	-
chr17	78862189	78868227	MSTRG.13584.1	1000	+
chr17	79757495	79770200	MSTRG.13596.1	1000	-
chr17	81464178	81466094	MSTRG.13657.1	1000	-
chr17	81464178	81466094	MSTRG.13657.2	1000	-
chr17	81868901	81869382	MSTRG.13683.1	1000	+
chr17	82273780	82277833	MSTRG.13715.1	1000	+
chr18	11857920	11860057	MSTRG.13859.1	1000	-
chr18	26167867	26170335	MSTRG.13961.1	1000	-
chr18	28694058	28694261	MSTRG.13984.1	1000	-
chr18	31166681	31166924	MSTRG.13985.1	1000	+
chr18	35691151	35703616	MSTRG.14026.1	1000	-
chr18	57609389	57620632	MSTRG.14129.1	1000	+
chr19	633529	637552	MSTRG.14253.1	1000	+
chr19	633530	636038	MSTRG.14253.2	1000	+
chr19	767116	767612	MSTRG.14260.1	1000	+
chr19	866786	869432	MSTRG.14266.5	1000	+
chr19	1300374	1301283	MSTRG.14293.1	1000	+
chr19	4726353	4726598	MSTRG.14415.1	1000	+
chr19	5641617	5649098	MSTRG.14431.1	1000	-
chr19	5907887	5908092	MSTRG.14441.1	1000	-
chr19	7629820	7631607	MSTRG.14495.1	1000	-
chr19	8379610	8388122	MSTRG.14522.1	1000	+
chr19	10349752	10350213	MSTRG.14568.1	1000	-
chr19	14622241	14623298	MSTRG.14716.1	1000	+
chr19	15907813	15908332	MSTRG.14739.1	1000	-
chr19	16082019	16101585	MSTRG.14744.1	1000	-
chr19	17521406	17521611	MSTRG.14798.1	1000	+
chr19	17815532	17816178	MSTRG.14807.1	1000	+
chr19	21814537	21822370	MSTRG.14895.24	1000	+
chr19	32347239	32373228	MSTRG.14948.1	1000	-
chr19	33171053	33176949	MSTRG.14969.1	1000	-
chr19	35998465	36000597	MSTRG.15038.1	1000	+
chr19	36155690	36155902	MSTRG.15049.1	1000	-
chr19	38701028	38710280	MSTRG.15116.1	1000	-
chr19	38975926	38976750	MSTRG.15131.1	1000	-
chr19	39186455	39191386	MSTRG.15136.1	1000	+
chr19	39402617	39403197	MSTRG.15144.1	1000	+
chr19	39441058	39441293	MSTRG.15150.1	1000	-
chr19	39453405	39459581	MSTRG.15151.1	1000	-
chr19	39815368	39821149	MSTRG.15158.1	1000	-
chr19	39834727	39840631	MSTRG.15162.1	1000	+
chr19	40314130	40319325	MSTRG.15174.1	1000	-
chr19	41385030	41385675	MSTRG.15210.1	1000	-
chr19	42377913	42378294	MSTRG.15249.1	1000	-
chr19	44808305	44809007	MSTRG.15323.1	1000	+
chr19	48424299	48424564	MSTRG.15443.1	1000	-
chr19	48708380	48708666	MSTRG.15454.1	1000	-
chr19	48873708	48874894	MSTRG.15459.1	1000	-
chr19	48923854	48925173	MSTRG.15462.1	1000	+
chr19	49328160	49330841	MSTRG.15476.1	1000	-
chr19	50509277	50509802	MSTRG.15535.1	1000	+
chr19	53908621	53909285	MSTRG.15590.1	1000	+
chr19	55189500	55192059	MSTRG.15624.1	1000	+
chr19	55524478	55526513	MSTRG.15643.1	1000	-
chr19	55654099	55654910	MSTRG.15653.1	1000	-
chr19	58183000	58183310	MSTRG.15722.1	1000	-
chr19	58312972	58327307	MSTRG.15728.1	1000	-
chr19	58312972	58327307	MSTRG.15728.2	1000	-
chr19	58314659	58327298	MSTRG.15728.3	1000	-
chr19	58519879	58521041	MSTRG.15747.1	1000	+
chr2	3568526	3575243	MSTRG.15770.1	1000	-
chr2	9934825	9936109	MSTRG.15791.1	1000	+
chr2	24295733	24300061	MSTRG.15863.1	1000	+
chr2	24824755	24825324	MSTRG.15872.1	1000	+
chr2	27381710	27384724	MSTRG.15922.1	1000	+
chr2	28942353	28946993	MSTRG.15955.1	1000	-
chr2	29127262	29130430	MSTRG.15957.1	1000	-
chr2	38068535	38069459	MSTRG.16017.1	1000	+
chr2	38070195	38070494	MSTRG.16018.1	1000	+
chr2	47160238	47176504	MSTRG.16114.1	1000	+
chr2	47906178	47906533	MSTRG.16132.1	1000	-
chr2	54115281	54115910	MSTRG.16150.1	1000	-
chr2	55240142	55243645	MSTRG.16170.1	1000	+
chr2	57196649	57196863	MSTRG.16179.1	1000	+
chr2	58101050	58118987	MSTRG.16182.1	1000	-
chr2	58101293	58118793	MSTRG.16182.2	1000	-
chr2	64077156	64077431	MSTRG.16235.1	1000	-
chr2	65047898	65056217	MSTRG.16251.1	1000	-
chr2	65047898	65056195	MSTRG.16251.2	1000	-
chr2	65047898	65056198	MSTRG.16251.3	1000	-
chr2	65270244	65271113	MSTRG.16256.1	1000	-
chr2	65338183	65339077	MSTRG.16258.1	1000	+
chr2	69806390	69825740	MSTRG.16285.1	1000	-
chr2	70271841	70272108	MSTRG.16298.1	1000	-
chr2	70296394	70296727	MSTRG.16301.1	1000	+
chr2	71164833	71165069	MSTRG.16328.1	1000	-
chr2	74119397	74120575	MSTRG.16355.1	1000	-
chr2	75239170	75279753	MSTRG.16387.1	1000	+
chr2	75239170	75279753	MSTRG.16387.2	1000	+
chr2	80161964	80162218	MSTRG.16406.1	1000	-
chr2	84967852	84970729	MSTRG.16417.1	1000	-
chr2	85316824	85317205	MSTRG.16425.1	1000	+
chr2	85536936	85539502	MSTRG.16435.1	1000	-
chr2	85542637	85543559	MSTRG.16437.1	1000	-
chr2	88022111	88022753	MSTRG.16481.1	1000	+
chr2	88691023	88691492	MSTRG.16486.1	1000	-
chr2	89542864	89585679	MSTRG.16488.1	1000	-
chr2	89542864	89585660	MSTRG.16488.2	1000	-
chr2	89560926	89585679	MSTRG.16488.3	1000	-
chr2	89560926	89585679	MSTRG.16488.4	1000	-
chr2	91574230	91574471	MSTRG.16489.1	1000	+
chr2	91785826	91790123	MSTRG.16495.1	1000	+
chr2	94198309	94208363	MSTRG.16496.1	1000	-
chr2	95180238	95181303	MSTRG.16499.1	1000	-
chr2	96814957	96816047	MSTRG.16517.1	1000	-
chr2	99311860	99314913	MSTRG.16544.1	1000	-
chr2	99371707	99382184	MSTRG.16547.1	1000	-
chr2	106997413	107000184	MSTRG.16586.1	1000	+
chr2	109925131	109925367	MSTRG.16599.1	1000	+
chr2	113890307	113931332	MSTRG.16672.1	1000	-
chr2	113957477	113957887	MSTRG.16674.1	1000	-
chr2	117831368	117831706	MSTRG.16676.1	1000	-
chr2	119368221	119372524	MSTRG.16690.1	1000	-
chr2	120343674	120345381	MSTRG.16705.2	1000	+
chr2	120898251	120911785	MSTRG.16708.1	1000	-
chr2	120902275	120911785	MSTRG.16708.2	1000	-
chr2	120902275	120911775	MSTRG.16708.3	1000	-
chr2	120902750	120911793	MSTRG.16708.4	1000	-
chr2	120902750	120911793	MSTRG.16708.5	1000	-
chr2	127885971	127886526	MSTRG.16740.1	1000	+
chr2	135185258	135185638	MSTRG.16798.1	1000	+
chr2	161278553	161278777	MSTRG.16897.1	1000	+
chr2	161339516	161340292	MSTRG.16900.1	1000	-
chr2	169636190	169637768	MSTRG.16943.1	1000	-
chr2	171985571	171986736	MSTRG.16967.1	1000	+
chr2	174081153	174141905	MSTRG.16982.1	1000	+
chr2	177212773	177216726	MSTRG.17026.1	1000	-
chr2	177212789	177219953	MSTRG.17026.2	1000	-
chr2	188290354	188293170	MSTRG.17093.1	1000	-
chr2	190934145	190934360	MSTRG.17127.1	1000	-
chr2	192061760	192061984	MSTRG.17144.1	1000	+
chr2	197493334	197497392	MSTRG.17161.1	1000	+
chr2	200867641	200867877	MSTRG.17189.1	1000	-
chr2	201283696	201284716	MSTRG.17209.1	1000	-
chr2	202033886	202034254	MSTRG.17217.1	1000	+
chr2	202297484	202303532	MSTRG.17226.1	1000	-
chr2	208242003	208253927	MSTRG.17283.1	1000	+
chr2	219070404	219074502	MSTRG.17350.1	1000	-
chr2	227362496	227362950	MSTRG.17411.1	1000	+
chr2	227555610	227555866	MSTRG.17413.1	1000	-
chr2	231165265	231172695	MSTRG.17441.1	1000	-
chr2	231454898	231463262	MSTRG.17447.1	1000	+
chr2	231708711	231713439	MSTRG.17452.1	1000	-
chr2	231711377	231713047	MSTRG.17452.2	1000	-
chr2	237485146	237487193	MSTRG.17506.1	1000	-
chr2	237763065	237763874	MSTRG.17510.1	1000	-
chr2	238328730	238332895	MSTRG.17519.1	1000	-
chr20	298039	298459	MSTRG.17582.1	1000	-
chr20	311888	312341	MSTRG.17583.1	1000	-
chr20	653411	658556	MSTRG.17593.1	1000	+
chr20	653564	658809	MSTRG.17593.2	1000	+
chr20	3208088	3209477	MSTRG.17623.1	1000	-
chr20	3784495	3785157	MSTRG.17638.1	1000	+
chr20	6072964	6073284	MSTRG.17675.1	1000	-
chr20	17658630	17659961	MSTRG.17745.1	1000	+
chr20	17658630	17659938	MSTRG.17745.2	1000	+
chr20	17658838	17659886	MSTRG.17745.3	1000	+
chr20	17658838	17659961	MSTRG.17745.4	1000	+
chr20	17658970	17659918	MSTRG.17745.5	1000	+
chr20	23267394	23271648	MSTRG.17796.1	1000	+
chr20	25317069	25339331	MSTRG.17817.1	1000	+
chr20	25359147	25359444	MSTRG.17818.1	1000	+
chr20	25689184	25691737	MSTRG.17829.1	1000	+
chr20	26009700	26011481	MSTRG.17832.1	1000	+
chr20	28577769	28602763	MSTRG.17833.8	1000	-
chr20	29080238	29094461	MSTRG.17834.1	1000	+
chr20	30570644	30580092	MSTRG.17838.1	1000	-
chr20	30651529	30651742	MSTRG.17839.1	1000	-
chr20	30653019	30653549	MSTRG.17840.1	1000	-
chr20	30654689	30654974	MSTRG.17841.1	1000	-
chr20	32237878	32238221	MSTRG.17861.1	1000	-
chr20	32689084	32689748	MSTRG.17872.1	1000	-
chr20	35044581	35057569	MSTRG.17930.1	1000	+
chr20	35650787	35651158	MSTRG.17952.1	1000	+
chr20	36047092	36048148	MSTRG.17964.1	1000	+
chr20	47200893	47201165	MSTRG.18109.1	1000	+
chr20	49636306	49639711	MSTRG.18134.1	1000	+
chr20	50082643	50096771	MSTRG.18141.1	1000	+
chr20	54174368	54189830	MSTRG.18174.1	1000	+
chr20	61118396	61118979	MSTRG.18212.1	1000	-
chr20	62937466	62938039	MSTRG.18248.1	1000	+
chr21	8988027	9003364	MSTRG.18358.1	1000	+
chr21	8988041	9002051	MSTRG.18358.2	1000	+
chr21	8988100	9004600	MSTRG.18358.3	1000	+
chr21	8988100	9002068	MSTRG.18358.4	1000	+
chr21	25881653	25897649	MSTRG.18386.1	1000	+
chr21	25975191	26053295	MSTRG.18389.1	1000	+
chr21	25975210	26053295	MSTRG.18389.2	1000	+
chr21	33324176	33324859	MSTRG.18435.1	1000	-
chr21	36051638	36051934	MSTRG.18468.1	1000	+
chr21	43342363	43349999	MSTRG.18549.1	1000	+
chr21	44932163	44932410	MSTRG.18598.1	1000	-
chr21	45364227	45372603	MSTRG.18608.1	1000	+
chr22	11914750	11916041	MSTRG.18633.1	1000	+
chr22	21192794	21193264	MSTRG.18758.1	1000	-
chr22	21629335	21629785	MSTRG.18771.1	1000	+
chr22	22637196	22637611	MSTRG.18787.1	1000	+
chr22	27897801	27919202	MSTRG.18851.1	1000	+
chr22	28666469	28668007	MSTRG.18862.1	1000	+
chr22	32506369	32506611	MSTRG.18962.1	1000	+
chr22	37806444	37806692	MSTRG.19015.1	1000	-
chr22	38484055	38484406	MSTRG.19042.1	1000	+
chr22	40744183	40744907	MSTRG.19092.1	1000	-
chr22	41622007	41636746	MSTRG.19125.1	1000	-
chr22	41927145	41927516	MSTRG.19135.1	1000	-
chr22	43644841	43645839	MSTRG.19171.1	1000	+
chr22	46250553	46252064	MSTRG.19207.1	1000	+
chr22	48484934	48485139	MSTRG.19221.1	1000	-
chr3	10126455	10126787	MSTRG.19334.1	1000	-
chr3	11192830	11225943	MSTRG.19343.1	1000	-
chr3	14183966	14198242	MSTRG.19378.1	1000	-
chr3	15650459	15653865	MSTRG.19406.1	1000	+
chr3	32570249	32572806	MSTRG.19496.1	1000	+
chr3	44491810	44494740	MSTRG.19606.1	1000	-
chr3	44497042	44498219	MSTRG.19607.1	1000	-
chr3	44925778	44926063	MSTRG.19621.1	1000	+
chr3	48573889	48575243	MSTRG.19682.1	1000	+
chr3	49968234	49968456	MSTRG.19735.1	1000	-
chr3	53229346	53233171	MSTRG.19815.1	1000	+
chr3	53782900	53783220	MSTRG.19821.1	1000	-
chr3	58109623	58112167	MSTRG.19844.1	1000	-
chr3	58471569	58484680	MSTRG.19852.1	1000	+
chr3	86942874	86943238	MSTRG.19946.1	1000	+
chr3	100713684	100732518	MSTRG.19990.1	1000	-
chr3	108538840	108540932	MSTRG.20017.1	1000	-
chr3	124750600	124751868	MSTRG.20146.1	1000	+
chr3	129167876	129168552	MSTRG.20203.1	1000	-
chr3	146366767	146366986	MSTRG.20359.1	1000	+
chr3	149370379	149370595	MSTRG.20374.1	1000	+
chr3	149971325	149972932	MSTRG.20388.1	1000	+
chr3	154311655	154324206	MSTRG.20422.1	1000	+
chr3	155988314	155989008	MSTRG.20435.1	1000	+
chr3	156713087	156713801	MSTRG.20446.1	1000	-
chr3	185982153	185985254	MSTRG.20671.1	1000	+
chr3	194317308	194324695	MSTRG.20726.7	1000	-
chr3	197652272	197654421	MSTRG.20799.1	1000	-
chr4	1694795	1703642	MSTRG.20846.1	1000	+
chr4	3482200	3483071	MSTRG.20883.1	1000	-
chr4	6642204	6642695	MSTRG.20904.1	1000	-
chr4	6985872	6987037	MSTRG.20912.1	1000	-
chr4	8360795	8361108	MSTRG.20927.1	1000	-
chr4	11429130	11438504	MSTRG.20939.1	1000	+
chr4	22726422	22726949	MSTRG.20980.1	1000	-
chr4	37871983	37872464	MSTRG.21011.1	1000	+
chr4	49234425	49235500	MSTRG.21103.1	1000	-
chr4	49559558	49561307	MSTRG.21107.1	1000	+
chr4	49591713	49592012	MSTRG.21109.1	1000	+
chr4	56466984	56467749	MSTRG.21160.1	1000	-
chr4	57011019	57020932	MSTRG.21165.1	1000	-
chr4	70899433	70902227	MSTRG.21196.1	1000	-
chr4	71186769	71187211	MSTRG.21198.1	1000	+
chr4	73104304	73110741	MSTRG.21205.1	1000	+
chr4	75643942	75644331	MSTRG.21230.1	1000	+
chr4	77819970	77820289	MSTRG.21252.1	1000	-
chr4	78180441	78180702	MSTRG.21256.1	1000	-
chr4	82354086	82373604	MSTRG.21266.1	1000	+
chr4	82424495	82429322	MSTRG.21269.1	1000	+
chr4	84499075	84499413	MSTRG.21291.1	1000	-
chr4	87161295	87161599	MSTRG.21308.1	1000	+
chr4	92442916	92443290	MSTRG.21344.1	1000	-
chr4	94665737	94666184	MSTRG.21352.1	1000	-
chr4	94703109	94721527	MSTRG.21353.1	1000	-
chr4	101025384	101025737	MSTRG.21393.1	1000	+
chr4	121668513	121684770	MSTRG.21529.1	1000	+
chr4	122075931	122076369	MSTRG.21533.1	1000	-
chr4	122824545	122825417	MSTRG.21537.1	1000	+
chr4	132308543	132308744	MSTRG.21565.1	1000	+
chr4	143525485	143534960	MSTRG.21620.1	1000	-
chr4	154566393	154570933	MSTRG.21687.1	1000	-
chr4	154606894	154609663	MSTRG.21690.1	1000	+
chr4	159103485	159103893	MSTRG.21714.1	1000	+
chr4	168487782	168492759	MSTRG.21737.1	1000	+
chr4	173331764	173332249	MSTRG.21763.1	1000	+
chr4	188739726	188741866	MSTRG.21818.1	1000	+
chr4	190021187	190023733	MSTRG.21821.1	1000	+
chr5	10254688	10256138	MSTRG.21878.1	1000	-
chr5	10261731	10263256	MSTRG.21879.1	1000	-
chr5	12665715	12665930	MSTRG.21895.1	1000	-
chr5	13985952	13987159	MSTRG.21901.1	1000	+
chr5	17217645	17275658	MSTRG.21921.1	1000	-
chr5	17217763	17275658	MSTRG.21921.2	1000	-
chr5	32173407	32173705	MSTRG.21950.1	1000	+
chr5	36871072	36876773	MSTRG.21989.1	1000	-
chr5	36871295	36876683	MSTRG.21989.2	1000	-
chr5	40711736	40714445	MSTRG.22012.1	1000	-
chr5	43059593	43060388	MSTRG.22035.1	1000	+
chr5	55308116	55328794	MSTRG.22088.1	1000	-
chr5	55963351	55968350	MSTRG.22102.1	1000	+
chr5	59756616	59795459	MSTRG.22126.1	1000	+
chr5	61290760	61305015	MSTRG.22144.4	1000	-
chr5	65521486	65561528	MSTRG.22160.1	1000	+
chr5	65529006	65561556	MSTRG.22160.2	1000	+
chr5	65763069	65785806	MSTRG.22168.1	1000	-
chr5	66170134	66177622	MSTRG.22173.1	1000	-
chr5	76170085	76170736	MSTRG.22265.1	1000	-
chr5	76241200	76241524	MSTRG.22268.1	1000	-
chr5	78039227	78128090	MSTRG.22295.1	1000	+
chr5	80478396	80481841	MSTRG.22325.1	1000	-
chr5	91380373	91471096	MSTRG.22386.1	1000	+
chr5	93682961	93683360	MSTRG.22391.1	1000	+
chr5	97030666	97030907	MSTRG.22438.1	1000	-
chr5	97035193	97035502	MSTRG.22439.1	1000	-
chr5	107194862	107195158	MSTRG.22464.1	1000	-
chr5	108727899	108728293	MSTRG.22469.1	1000	+
chr5	128112846	128135750	MSTRG.22584.1	1000	-
chr5	128167823	128184421	MSTRG.22585.1	1000	-
chr5	128187178	128187552	MSTRG.22586.1	1000	-
chr5	128197683	128208302	MSTRG.22587.1	1000	+
chr5	131159308	131159562	MSTRG.22595.1	1000	+
chr5	132190221	132191503	MSTRG.22601.1	1000	-
chr5	132589700	132591374	MSTRG.22612.1	1000	-
chr5	133096102	133104344	MSTRG.22631.1	1000	-
chr5	134158453	134173993	MSTRG.22637.1	1000	+
chr5	134763987	134785495	MSTRG.22655.1	1000	-
chr5	136063377	136063731	MSTRG.22676.1	1000	-
chr5	138468089	138468436	MSTRG.22700.1	1000	-
chr5	138543459	138544156	MSTRG.22702.1	1000	+
chr5	138555385	138556079	MSTRG.22704.1	1000	+
chr5	139321911	139329822	MSTRG.22721.1	1000	-
chr5	139388419	139418776	MSTRG.22727.1	1000	+
chr5	143333382	143333755	MSTRG.22823.1	1000	+
chr5	149513093	149550955	MSTRG.22863.1	1000	+
chr5	150444249	150449726	MSTRG.22881.1	1000	+
chr5	150444316	150449506	MSTRG.22881.2	1000	+
chr5	171387946	171406668	MSTRG.23005.1	1000	-
chr5	171387969	171407764	MSTRG.23005.2	1000	-
chr5	171410541	171410865	MSTRG.23006.1	1000	-
chr5	175813205	175871287	MSTRG.23047.1	1000	-
chr5	175879853	175880263	MSTRG.23048.1	1000	-
chr5	175881146	175881881	MSTRG.23049.1	1000	-
chr5	179616190	179623122	MSTRG.23121.1	1000	+
chr5	179699059	179728897	MSTRG.23126.1	1000	-
chr5	180467174	180483285	MSTRG.23144.1	1000	+
chr5	180467174	180483285	MSTRG.23144.2	1000	+
chr5	180467198	180483285	MSTRG.23144.3	1000	+
chr6	4031960	4032395	MSTRG.23203.1	1000	-
chr6	7301356	7309995	MSTRG.23226.1	1000	+
chr6	12293262	12314894	MSTRG.23265.1	1000	-
chr6	12294354	12314318	MSTRG.23265.2	1000	-
chr6	12294955	12314445	MSTRG.23265.3	1000	-
chr6	12295717	12314894	MSTRG.23265.4	1000	-
chr6	12364044	12364434	MSTRG.23268.1	1000	+
chr6	18236530	18263942	MSTRG.23308.1	1000	+
chr6	24690282	24690494	MSTRG.23350.1	1000	-
chr6	26113044	26114678	MSTRG.23376.1	1000	-
chr6	26257451	26260538	MSTRG.23388.1	1000	+
chr6	43619434	43620489	MSTRG.23668.1	1000	+
chr6	43990820	43999507	MSTRG.23675.1	1000	+
chr6	44249735	44251817	MSTRG.23684.1	1000	-
chr6	44252071	44253628	MSTRG.23685.1	1000	-
chr6	53514476	53544505	MSTRG.23730.1	1000	+
chr6	65304992	65305255	MSTRG.23775.1	1000	+
chr6	65305554	65305843	MSTRG.23776.1	1000	+
chr6	73309501	73314412	MSTRG.23813.1	1000	+
chr6	84764210	84765876	MSTRG.23887.1	1000	+
chr6	84956398	84958106	MSTRG.23888.1	1000	-
chr6	85618835	85622565	MSTRG.23893.1	1000	+
chr6	85644903	85645238	MSTRG.23894.1	1000	+
chr6	93833182	93833455	MSTRG.23929.1	1000	-
chr6	94556796	94557215	MSTRG.23930.1	1000	-
chr6	106970876	106971317	MSTRG.23972.1	1000	+
chr6	110898201	110898758	MSTRG.24022.1	1000	+
chr6	110968594	110969133	MSTRG.24024.1	1000	+
chr6	122444175	122444539	MSTRG.24089.1	1000	+
chr6	127155412	127196188	MSTRG.24108.1	1000	-
chr6	127196462	127196791	MSTRG.24109.1	1000	-
chr6	142063185	142063444	MSTRG.24214.1	1000	+
chr6	144922346	144929955	MSTRG.24243.1	1000	+
chr6	144923487	144928803	MSTRG.24243.2	1000	+
chr6	144923487	144929985	MSTRG.24243.3	1000	+
chr6	150061136	150062956	MSTRG.24288.1	1000	-
chr6	151400375	151401100	MSTRG.24306.1	1000	+
chr6	153923718	153924087	MSTRG.24325.1	1000	+
chr6	154510788	154522258	MSTRG.24330.1	1000	+
chr6	160347836	160348210	MSTRG.24387.1	1000	+
chr7	1148251	1151656	MSTRG.24453.1	1000	-
chr7	5527253	5527631	MSTRG.24494.1	1000	+
chr7	5528410	5529391	MSTRG.24495.1	1000	+
chr7	6403126	6403654	MSTRG.24518.1	1000	-
chr7	10453256	10453500	MSTRG.24547.1	1000	+
chr7	21691195	21691521	MSTRG.24578.1	1000	-
chr7	24650503	24665688	MSTRG.24608.1	1000	-
chr7	25122951	25125254	MSTRG.24615.1	1000	+
chr7	26191346	26197840	MSTRG.24619.1	1000	+
chr7	26191346	26197731	MSTRG.24619.2	1000	+
chr7	26206392	26212185	MSTRG.24621.1	1000	-
chr7	36419262	36420740	MSTRG.24735.1	1000	-
chr7	39793360	39794784	MSTRG.24756.1	1000	+
chr7	39852902	39854024	MSTRG.24760.1	1000	-
chr7	42874512	42874732	MSTRG.24764.1	1000	-
chr7	44795106	44796401	MSTRG.24798.1	1000	-
chr7	45394520	45396401	MSTRG.24808.1	1000	+
chr7	47596474	47600538	MSTRG.24816.1	1000	+
chr7	47597004	47600521	MSTRG.24816.2	1000	+
chr7	47633327	47635462	MSTRG.24817.1	1000	-
chr7	47633478	47635486	MSTRG.24817.2	1000	-
chr7	56054417	56060842	MSTRG.24849.1	1000	-
chr7	65720616	65750959	MSTRG.24869.1	1000	-
chr7	66156362	66157816	MSTRG.24878.1	1000	+
chr7	73285961	73286442	MSTRG.24952.1	1000	-
chr7	92112849	92113648	MSTRG.25107.1	1000	+
chr7	94669148	94669582	MSTRG.25136.1	1000	-
chr7	95410050	95412436	MSTRG.25145.1	1000	+
chr7	95584023	95584346	MSTRG.25149.1	1000	+
chr7	100191625	100193958	MSTRG.25211.1	1000	-
chr7	100543478	100546553	MSTRG.25226.1	1000	-
chr7	100828576	100828981	MSTRG.25238.1	1000	-
chr7	101354491	101355065	MSTRG.25256.1	1000	-
chr7	101357315	101363102	MSTRG.25257.1	1000	-
chr7	101363632	101364077	MSTRG.25259.1	1000	-
chr7	106250811	106277083	MSTRG.25338.1	1000	+
chr7	123541750	123542187	MSTRG.25416.1	1000	+
chr7	128330843	128336038	MSTRG.25444.1	1000	+
chr7	128655793	128663450	MSTRG.25454.3	1000	+
chr7	134527613	134541225	MSTRG.25524.1	1000	-
chr7	134933151	134960105	MSTRG.25527.1	1000	-
chr7	139035909	139036891	MSTRG.25559.1	1000	+
chr7	139036084	139036950	MSTRG.25559.2	1000	+
chr7	139036139	139036950	MSTRG.25559.3	1000	+
chr7	139044493	139044999	MSTRG.25561.1	1000	+
chr7	139450601	139451973	MSTRG.25568.1	1000	-
chr7	143609971	143610385	MSTRG.25617.1	1000	+
chr7	147732451	147732681	MSTRG.25640.1	1000	-
chr7	148816692	148817939	MSTRG.25649.1	1000	+
chr7	149012249	149021109	MSTRG.25653.1	1000	+
chr7	149321099	149321498	MSTRG.25662.1	1000	-
chr8	305189	306918	MSTRG.25744.1	1000	-
chr8	8386694	8386944	MSTRG.25770.1	1000	-
chr8	17644968	17645602	MSTRG.25845.1	1000	+
chr8	22072335	22081153	MSTRG.25882.1	1000	-
chr8	22255426	22257525	MSTRG.25891.1	1000	+
chr8	25177803	25184370	MSTRG.25936.1	1000	-
chr8	25184664	25185601	MSTRG.25937.1	1000	-
chr8	25508443	25514389	MSTRG.25945.1	1000	+
chr8	26360172	26362784	MSTRG.25947.1	1000	-
chr8	27605102	27610528	MSTRG.25961.1	1000	+
chr8	29336271	29336657	MSTRG.25990.1	1000	+
chr8	29667814	29669795	MSTRG.25991.1	1000	-
chr8	30069665	30073900	MSTRG.25994.1	1000	+
chr8	30383882	30384267	MSTRG.26003.1	1000	+
chr8	33365971	33369431	MSTRG.26029.1	1000	-
chr8	35523603	35524640	MSTRG.26037.1	1000	-
chr8	38234444	38238130	MSTRG.26062.1	1000	-
chr8	39042086	39103762	MSTRG.26084.1	1000	-
chr8	40033852	40034425	MSTRG.26085.1	1000	+
chr8	42393845	42401956	MSTRG.26109.1	1000	-
chr8	42917159	42918966	MSTRG.26118.1	1000	-
chr8	43124068	43132513	MSTRG.26122.1	1000	+
chr8	47735519	47736761	MSTRG.26132.1	1000	-
chr8	58659827	58661873	MSTRG.26175.1	1000	+
chr8	61625588	61714359	MSTRG.26194.1	1000	+
chr8	66430190	66430486	MSTRG.26209.1	1000	-
chr8	73291181	73293624	MSTRG.26253.1	1000	+
chr8	82291360	82291580	MSTRG.26300.1	1000	-
chr8	93720297	93720578	MSTRG.26350.1	1000	-
chr8	98045589	98047351	MSTRG.26404.1	1000	+
chr8	100335958	100336731	MSTRG.26444.1	1000	+
chr8	100919062	100919451	MSTRG.26453.1	1000	+
chr8	100919919	100920529	MSTRG.26454.1	1000	+
chr8	101204854	101205146	MSTRG.26456.1	1000	+
chr8	108487480	108489938	MSTRG.26513.1	1000	+
chr8	114029553	114029850	MSTRG.26518.1	1000	-
chr8	116854253	116858413	MSTRG.26522.1	1000	+
chr8	124313794	124314001	MSTRG.26575.1	1000	+
chr8	127087507	127087829	MSTRG.26591.1	1000	+
chr8	129849251	129854291	MSTRG.26607.1	1000	+
chr8	131970555	131978894	MSTRG.26618.1	1000	-
chr8	131987647	132010846	MSTRG.26619.1	1000	-
chr8	143556833	143558456	MSTRG.26672.1	1000	-
chr8	143829087	143832850	MSTRG.26688.1	1000	+
chr8	144262880	144266300	MSTRG.26711.1	1000	+
chr8	144807002	144810047	MSTRG.26744.1	1000	-
chr9	15471044	15479659	MSTRG.26864.1	1000	+
chr9	19058351	19058596	MSTRG.26875.1	1000	+
chr9	21684998	21690290	MSTRG.26905.1	1000	+
chr9	22227661	22228123	MSTRG.26920.1	1000	+
chr9	32542272	32542744	MSTRG.26935.1	1000	+
chr9	33026488	33039052	MSTRG.26941.1	1000	-
chr9	33053126	33056962	MSTRG.26943.1	1000	+
chr9	33113338	33116026	MSTRG.26945.1	1000	+
chr9	33289098	33289378	MSTRG.26951.1	1000	+
chr9	35490455	35491994	MSTRG.27013.1	1000	-
chr9	35491134	35491994	MSTRG.27013.2	1000	-
chr9	37079864	37090432	MSTRG.27048.1	1000	+
chr9	37079864	37090432	MSTRG.27048.2	1000	+
chr9	37079864	37090432	MSTRG.27048.3	1000	+
chr9	37079864	37090432	MSTRG.27048.4	1000	+
chr9	38437694	38463614	MSTRG.27072.1	1000	+
chr9	38621986	38622515	MSTRG.27080.1	1000	-
chr9	40059330	40059715	MSTRG.27088.1	1000	-
chr9	40090947	40106571	MSTRG.27089.1	1000	-
chr9	40091350	40106571	MSTRG.27089.2	1000	-
chr9	40091352	40106173	MSTRG.27089.3	1000	-
chr9	40152070	40152662	MSTRG.27093.1	1000	-
chr9	41358873	41374083	MSTRG.27101.1	1000	+
chr9	41358879	41401427	MSTRG.27101.2	1000	+
chr9	60962184	60962571	MSTRG.27115.1	1000	+
chr9	61330411	61453067	MSTRG.27116.1	1000	+
chr9	66269951	66386745	MSTRG.27140.1	1000	+
chr9	66695795	66702719	MSTRG.27141.1	1000	+
chr9	66782053	66782372	MSTRG.27142.1	1000	-
chr9	71910947	71911226	MSTRG.27178.1	1000	-
chr9	72900836	72953383	MSTRG.27184.1	1000	+
chr9	73151908	73170233	MSTRG.27187.1	1000	-
chr9	78234844	78236015	MSTRG.27204.1	1000	-
chr9	82886835	82887102	MSTRG.27210.1	1000	+
chr9	83835202	83836500	MSTRG.27217.1	1000	-
chr9	85545764	85546234	MSTRG.27224.1	1000	-
chr9	87728035	87729583	MSTRG.27236.1	1000	-
chr9	89310018	89310905	MSTRG.27246.1	1000	-
chr9	90414144	90414376	MSTRG.27255.1	1000	+
chr9	93564557	93564936	MSTRG.27284.1	1000	-
chr9	94543467	94543717	MSTRG.27298.1	1000	+
chr9	94543491	94543690	MSTRG.27299.1	1000	-
chr9	96015689	96018400	MSTRG.27322.1	1000	+
chr9	100353056	100353934	MSTRG.27382.1	1000	+
chr9	101552539	101557446	MSTRG.27394.1	1000	-
chr9	103205353	103205656	MSTRG.27397.1	1000	+
chr9	111591818	111592471	MSTRG.27440.1	1000	+
chr9	112220806	112221404	MSTRG.27451.1	1000	+
chr9	112376212	112379886	MSTRG.27456.1	1000	-
chr9	113408488	113408980	MSTRG.27477.1	1000	+
chr9	114804211	114804430	MSTRG.27491.1	1000	+
chr9	120799959	120801881	MSTRG.27509.1	1000	+
chr9	122326047	122327846	MSTRG.27528.1	1000	+
chr9	124868288	124869114	MSTRG.27569.1	1000	-
chr9	125238707	125239329	MSTRG.27578.1	1000	+
chr9	128363316	128363782	MSTRG.27635.1	1000	+
chr9	128683733	128695063	MSTRG.27651.1	1000	-
chr9	128689443	128694981	MSTRG.27651.2	1000	-
chr9	129498811	129499011	MSTRG.27680.1	1000	-
chr9	130053132	130053878	MSTRG.27695.1	1000	-
chr9	131545551	131554703	MSTRG.27717.1	1000	+
chr9	131545566	131554648	MSTRG.27717.2	1000	+
chr9	131554899	131562915	MSTRG.27718.1	1000	+
chr9	133745168	133745487	MSTRG.27753.1	1000	+
chr9	136849024	136849620	MSTRG.27797.1	1000	-
chr9	137114949	137117080	MSTRG.27820.1	1000	+
chr9	137122000	137129906	MSTRG.27821.1	1000	-
chrM	1	429	MSTRG.27846.1	1000	-
chrX	3553196	3553477	MSTRG.27891.1	1000	-
chrX	3811743	3814252	MSTRG.27895.1	1000	-
chrX	3815970	3816442	MSTRG.27896.1	1000	-
chrX	10039610	10040604	MSTRG.27908.1	1000	-
chrX	18984720	18985002	MSTRG.27960.1	1000	-
chrX	23784116	23785843	MSTRG.28006.1	1000	-
chrX	23784155	23785642	MSTRG.28006.2	1000	-
chrX	24066064	24071715	MSTRG.28012.1	1000	-
chrX	24076680	24077157	MSTRG.28013.1	1000	-
chrX	41334114	41343327	MSTRG.28076.1	1000	-
chrX	41349395	41350028	MSTRG.28078.1	1000	-
chrX	46625744	46626959	MSTRG.28107.1	1000	+
chrX	47509628	47510621	MSTRG.28123.1	1000	-
chrX	47510982	47512398	MSTRG.28124.1	1000	-
chrX	47905917	47906552	MSTRG.28136.1	1000	-
chrX	53409241	53412979	MSTRG.28202.1	1000	+
chrX	65524222	65529803	MSTRG.28250.1	1000	+
chrX	68498651	68498955	MSTRG.28255.1	1000	-
chrX	71142724	71144023	MSTRG.28274.1	1000	+
chrX	74420833	74421369	MSTRG.28329.1	1000	+
chrX	76178652	76194603	MSTRG.28336.1	1000	+
chrX	76218288	76219207	MSTRG.28337.1	1000	-
chrX	77968034	77968294	MSTRG.28346.1	1000	-
chrX	80676909	80677311	MSTRG.28351.1	1000	+
chrX	81114553	81115160	MSTRG.28355.1	1000	+
chrX	101412698	101413092	MSTRG.28393.1	1000	-
chrX	101413389	101413755	MSTRG.28394.1	1000	-
chrX	102961007	102963472	MSTRG.28421.1	1000	+
chrX	103377666	103377987	MSTRG.28426.1	1000	-
chrX	103586257	103587492	MSTRG.28428.1	1000	-
chrX	107651695	107653763	MSTRG.28458.1	1000	+
chrX	115649538	115649882	MSTRG.28492.1	1000	-
chrX	123910268	123910669	MSTRG.28537.1	1000	-
chrX	129675891	129678383	MSTRG.28553.1	1000	-
chrX	130413757	130415277	MSTRG.28565.1	1000	+
chrX	130496640	130497549	MSTRG.28568.1	1000	+
chrX	136511471	136512145	MSTRG.28611.1	1000	-
chrX	136873314	136879333	MSTRG.28615.1	1000	+
chrX	150986051	150988534	MSTRG.28648.1	1000	-
chrX	152574705	152698716	MSTRG.28652.1	1000	-
chrY	5325685	5325939	MSTRG.28771.1	1000	-
chrY	12911909	12913790	MSTRG.28781.1	1000	-
